Ethan,Evans,100,2958,227.39
Sophia,Harris,101,2133,237.02
Bella,Bell,102,6131,363.83
Lily,Hughes,103,8926,214.73
Bella,Jordan,104,4574,420.43
Quincy,Stewart,105,3800,181.04
Oscar,Brooks,106,8201,286.36
Adam,Scott,107,2440,277.08
Fiona,Stone,108,6840,272.69
Michael,Diaz,109,9820,426.87
Paula,Davis,110,3052,232.51
Uma,Khan,111,8231,389.87
Umar,Brown,112,2201,285.06
Laura,Bell,113,2007,345.88
Ethan,Roberts,114,5232,356.14
Ethan,Lewis,115,1510,374.09
Fiona,White,116,1165,251.15
Bob,Clark,117,7284,136.95
Lily,Bell,118,3370,260.46
Riley,Stewart,119,4763,407.18
Ximena,Brooks,120,8483,331.30
Julia,Lewis,121,8777,212.10
Yara,Russell,122,8800,427.40
Zane,Brown,123,2762,408.67
Quincy,Patel,124,3694,110.47
Eli,Clark,125,9452,254.37
Fiona,Wright,126,2198,292.49
Michael,Collins,127,8745,408.81
Zane,Davis,128,4076,277.64
Vera,Adams,129,1129,241.86
Quinn,Prince,130,4834,251.89
Nina,Carter,131,9661,261.85
Tina,Bell,132,2282,372.96
Rachel,Brown,133,6893,160.98
Umar,Stone,134,9744,392.67
Nora,Patel,135,8579,342.36
Piper,Ross,136,9198,139.50
Hannah,Roberts,137,1181,375.09
Xavier,Jordan,138,4749,206.02
Caleb,Lee,139,7775,275.47
Mason,Wood,140,1274,219.51
Oscar,Harris,141,7582,354.76
Oscar,White,142,1935,266.68
Ian,Ross,143,4302,288.56
Zane,Davis,144,5854,229.31
Zane,Cook,145,9229,357.14
Victor,Stone,146,2290,307.78
Nina,Prince,147,5846,269.14
Alice,Harris,148,2806,110.99
Diana,Rogers,149,4136,156.14
Paula,King,150,9027,244.84
Lily,Martinez,151,7596,133.56
Umar,Roberts,152,1543,173.36
Rachel,Hughes,153,3746,394.17
Riley,Evans,154,7688,216.77
Owen,Miller,155,3029,195.57
Nina,Ward,156,7501,149.88
Sam,Taylor,157,6578,329.33
Umar,Stone,158,3230,299.08
Nora,Brown,159,8317,224.32
Wendy,Roberts,160,1551,222.63
Fiona,Jordan,161,2540,170.10
Hannah,Russell,162,8432,217.23
Charlie,Stewart,163,4346,140.61
Ethan,Wright,164,1544,407.94
Fiona,Hughes,165,9573,133.31
Xavier,Smith,166,4613,370.59
Eli,Johnson,167,5424,385.56
Diana,White,168,3190,269.67
Nina,Brooks,169,4130,157.34
Alice,Carter,170,4570,235.01
Tina,Prince,171,5230,323.20
Zane,White,172,2374,270.86
Sophia,Carter,173,7193,270.87
Sam,Russell,174,8667,369.85
Fiona,Carter,175,3054,247.45
Vera,Parker,176,4797,176.33
Bella,Fisher,177,3909,306.04
Eli,Clark,178,6173,165.22
Michael,Smith,179,9520,112.40
Sam,Ward,180,3992,404.31
Ximena,Ward,181,8381,267.21
Nina,Patel,182,1510,176.63
Laura,Prince,183,1519,228.62
Yara,Harris,184,5732,101.39
Diana,Jordan,185,6372,371.81
Piper,Thomas,186,7034,199.94
Sam,White,187,5696,321.09
Jade,Wilson,188,5349,132.54
Oscar,Price,189,6025,108.34
Charlie,Lopez,190,4446,295.32
Ian,Prince,191,4466,225.48
Quincy,Harris,192,3842,172.95
Quinn,Bell,193,2496,243.36
Xavier,White,194,1272,172.86
Yara,Davis,195,8648,256.85
Oscar,Johnson,196,5726,387.45
Sam,Hunt,197,5351,241.04
Hannah,Allen,198,3108,216.56
Owen,Khan,199,8487,267.54
Bob,Bell,200,3071,160.69
Eli,Lee,201,1361,270.21
Jade,Green,202,2032,214.61
Daisy,Fisher,203,3134,343.46
Owen,Wood,204,8659,104.18
Rachel,Wilson,205,7060,262.22
Sam,Rogers,206,5384,383.32
Alice,Khan,207,3816,189.76
Laura,Wright,208,3317,131.23
Gavin,Gray,209,5686,279.64
Laura,Taylor,210,2945,425.11
Bob,Hunt,211,6090,154.75
Faith,Smith,212,9707,153.21
Fiona,White,213,6195,229.53
William,Cook,214,2185,224.79
Michael,Lopez,215,1322,287.90
Bob,Patel,216,8034,120.51
Hailey,Collins,217,5367,232.06
Quinn,Bell,218,4436,218.21
Hannah,Thomas,219,1093,380.73
Kyle,King,220,2222,391.24
Umar,Wilson,221,9433,333.79
Zane,Jordan,222,6680,122.49
Paula,Adams,223,5519,335.49
Hailey,Hughes,224,3702,133.73
Gavin,Gomez,225,5174,220.98
Paula,Collins,226,4721,287.73
Julia,Miller,227,7127,206.11
Nora,Hughes,228,1814,316.61
George,Patel,229,4169,243.55
Daisy,Clark,230,5364,427.23
Jade,Martinez,231,4863,239.16
Ian,Cook,232,8058,145.35
Owen,Diaz,233,6048,145.36
Gavin,Diaz,234,3735,313.78
George,Taylor,235,4047,259.45
Diana,Jordan,236,1344,379.96
Wendy,Gomez,237,4897,415.86
Kyle,Gomez,238,7686,148.35
Hannah,Johnson,239,3378,366.35
Xavier,Collins,240,9629,426.83
Fiona,Scott,241,9040,364.97
Bella,Green,242,7511,273.37
Sophia,Collins,243,7117,319.39
Kevin,Patel,244,9471,345.83
Hailey,Prince,245,4985,130.15
Eli,Fisher,246,5422,230.60
Lily,Clark,247,9567,234.59
Piper,Rogers,248,1201,235.84
George,Wood,249,4907,389.64
Isaac,Russell,250,9032,112.84
Sam,Hughes,251,9779,297.70
George,Hunt,252,5640,275.76
Ximena,Hughes,253,2283,109.70
Bella,Rogers,254,6835,277.23
Riley,Cook,255,5038,149.87
Nora,Brooks,256,9347,110.07
Charlie,Evans,257,5748,190.01
Lily,Roberts,258,1611,403.14
Ethan,Johnson,259,2342,239.25
Isaac,Carter,260,9558,200.54
Paula,White,261,1204,227.87
Laura,Carter,262,5749,188.50
Bella,Scott,263,3576,223.63
Victor,Rogers,264,1901,228.79
Nora,Prince,265,7601,197.53
Ximena,Turner,266,9815,373.80
Faith,Brown,267,4761,322.05
George,Roberts,268,9183,120.26
Faith,Reed,269,8111,163.47
Sophia,Green,270,6709,161.60
Hannah,Russell,271,4301,372.76
Quinn,Wood,272,7487,412.88
Ian,Barnes,273,3378,321.39
Bob,King,274,8469,206.64
Fiona,Price,275,6162,201.85
Victor,Jordan,276,8267,331.95
Faith,Miller,277,8233,383.77
Zane,Russell,278,5587,363.01
Sam,Brown,279,7580,319.57
Victor,Johnson,280,4984,124.83
Ximena,Miller,281,3400,276.23
Xavier,Lopez,282,6188,380.48
Bob,Carter,283,1545,322.89
Rachel,Lewis,284,8356,118.89
Victor,Lee,285,9981,178.45
Oscar,Reed,286,2510,273.14
Ethan,Wright,287,5582,247.18
Mason,Hunt,288,1297,107.10
Ethan,Martinez,289,8395,237.50
Kevin,Stone,290,3613,360.36
Julia,Harris,291,5855,279.49
Xavier,Barnes,292,3711,372.04
Bella,Ross,293,9633,281.04
Yara,Wood,294,1863,324.70
Gavin,Lee,295,7186,144.15
Yara,Davis,296,1122,416.12
Kevin,Harris,297,6962,186.06
Owen,Hughes,298,5640,235.94
Sam,Russell,299,4604,126.78
Tina,Green,300,6926,313.25
Rachel,Scott,301,8645,247.45
Gavin,Barnes,302,5821,264.34
Ximena,Allen,303,5913,132.17
Hannah,Gray,304,4410,422.18
Hannah,Davis,305,1878,235.94
Fiona,Evans,306,2724,393.88
Wendy,Collins,307,5783,380.67
Faith,Patel,308,7849,116.67
Victor,Scott,309,5346,422.08
Eli,Clark,310,2817,135.64
Hailey,Brooks,311,4387,138.35
Laura,Johnson,312,6369,120.26
Uma,Brown,313,7558,306.55
Victor,Taylor,314,5042,207.06
Diana,Gomez,315,2721,379.48
Kevin,Barnes,316,9584,253.43
Uma,Reed,317,6472,299.42
Quinn,Cook,318,2843,279.18
Uma,Parker,319,3943,222.94
Mason,Smith,320,2537,129.95
Paula,Scott,321,5059,122.79
Ian,Rogers,322,8329,328.34
Jade,Roberts,323,5457,250.02
Riley,Prince,324,4026,180.87
Mason,Russell,325,3398,162.42
Riley,Hughes,326,8610,349.43
Nina,White,327,2789,251.60
Bella,Barnes,328,4935,384.77
Hailey,Brooks,329,1845,198.01
Sophia,Hughes,330,9346,396.86
Eli,Ward,331,9368,252.19
Isaac,Lee,332,5327,308.69
Charlie,Lee,333,7445,427.16
William,Russell,334,8391,297.84
Laura,Lewis,335,8238,223.16
Kevin,Wright,336,2846,132.17
Oscar,Wood,337,2251,195.65
Michael,Carter,338,9109,348.70
Lily,Brown,339,2773,123.70
Wendy,Brown,340,4200,360.49
Laura,Taylor,341,9500,332.13
Rachel,Hunt,342,9481,372.80
Gavin,Brown,343,5082,269.51
Ethan,Brown,344,3875,227.26
Kevin,Davis,345,3557,239.96
Eli,Scott,346,6425,416.88
William,Patel,347,1097,390.68
Fiona,Jordan,348,7845,356.81
Piper,Brooks,349,4932,231.96
Rachel,Smith,350,5433,136.63
Ximena,Adams,351,8448,328.03
Michael,King,352,2585,183.72
Jade,Collins,353,5685,260.61
Lily,Carter,354,4358,148.38
Wendy,Russell,355,9476,401.71
Isaac,Scott,356,6485,287.51
Eli,Fisher,357,1444,286.73
William,Wright,358,5590,103.98
Isaac,Khan,359,2641,141.51
Michael,Davis,360,2862,139.88
Lily,Stone,361,2888,320.40
Kyle,Johnson,362,3765,370.15
Paula,Johnson,363,3613,293.82
Jade,Clark,364,6137,111.71
Hailey,Wright,365,2917,134.28
Ethan,Scott,366,5553,103.40
Riley,Wood,367,7372,241.23
Ethan,Stone,368,3850,203.33
Tyler,Fisher,369,2905,287.58
Julia,Brown,370,6526,240.04
Sam,White,371,8693,337.18
Xavier,Roberts,372,8072,413.15
Vera,Ward,373,9407,200.94
Bella,Russell,374,1945,260.41
Michael,Stewart,375,6458,308.56
Quincy,Miller,376,5718,123.27
Ethan,Lee,377,1341,163.50
Kevin,Roberts,378,7240,195.88
Tina,Collins,379,5003,279.70
Zane,King,380,8123,106.49
Wendy,Ross,381,6305,390.78
Bella,Smith,382,7183,342.13
Daisy,Gomez,383,3659,157.97
Michael,Johnson,384,3890,273.54
Quinn,Fisher,385,8679,410.32
Kyle,Wright,386,6604,317.11
Caleb,Green,387,5704,330.10
Tina,Hunt,388,3841,369.40
Ximena,Scott,389,2180,413.33
Sam,Lee,390,1939,412.65
Adam,Davis,391,8606,392.42
Isaac,Hunt,392,3117,341.91
Ethan,Collins,393,7805,312.61
Charlie,Brooks,394,9569,324.77
William,Lewis,395,4667,174.86
Alice,Scott,396,8571,382.77
Ian,Hughes,397,1775,111.22
Paula,Lee,398,3908,177.64
Xavier,Price,399,3340,109.59
Caleb,Ross,400,9872,313.10
Michael,Brown,401,1551,271.08
William,Adams,402,4808,236.87
Piper,Bell,403,4869,288.95
Sophia,Taylor,404,3217,279.79
Zane,Adams,405,3475,115.57
Wendy,Hunt,406,1579,295.11
Charlie,White,407,5308,178.69
Bob,White,408,4650,141.09
Sophia,Patel,409,8318,164.21
Riley,Reed,410,1857,368.36
Michael,Barnes,411,5461,297.40
Kevin,Ross,412,3170,162.94
Quincy,Roberts,413,8999,207.58
Caleb,Barnes,414,8927,409.28
Daisy,Gray,415,7599,291.32
Daisy,Hughes,416,1740,404.54
Kyle,Parker,417,5986,331.29
Bella,Barnes,418,9435,348.12
Fiona,White,419,2468,286.05
Kyle,Reed,420,1079,103.98
Bella,Diaz,421,3316,301.58
Charlie,Gomez,422,4257,133.69
Tina,Green,423,5940,272.18
Isaac,Patel,424,4222,340.64
Wendy,Stone,425,2770,261.66
Alice,Adams,426,9590,102.00
Daisy,Wilson,427,9322,146.19
Faith,Gray,428,2151,143.96
Yara,Taylor,429,8194,117.32
Caleb,Scott,430,3592,361.86
Alice,Cook,431,4468,406.81
George,Adams,432,4663,138.91
Wendy,Miller,433,8831,233.19
Mason,Scott,434,6627,180.47
Charlie,Thomas,435,2862,229.89
Alice,White,436,3619,293.19
Kyle,Wright,437,4880,163.04
Sam,Russell,438,2749,318.17
Charlie,Khan,439,6726,130.80
Rachel,Khan,440,2423,285.84
Zane,Johnson,441,4200,329.13
Jade,Adams,442,5874,120.25
Eli,Diaz,443,7569,366.99
Oscar,Collins,444,6970,203.60
Xavier,Carter,445,1726,424.75
Adam,Evans,446,7568,179.36
Diana,Gomez,447,7363,323.60
Diana,Hunt,448,1119,254.14
Faith,Green,449,7550,110.54
Faith,Hughes,450,1450,410.39
Tyler,Prince,451,5562,192.78
Ian,Diaz,452,5717,151.73
Caleb,Brooks,453,3262,366.20
Uma,Scott,454,3680,419.11
Daisy,Parker,455,8739,359.35
Alice,Scott,456,7927,141.18
Hailey,White,457,6729,254.61
Quincy,Lopez,458,3964,198.48
Jade,Harris,459,2138,131.01
Umar,Thomas,460,6627,383.44
Uma,Adams,461,8349,239.63
Bob,Rogers,462,2205,169.64
Fiona,Wilson,463,4317,400.71
Adam,Reed,464,4742,341.26
Alice,Gomez,465,1224,260.94
Nina,Evans,466,3816,239.80
Hailey,Reed,467,8464,410.88
Ximena,Wilson,468,7797,130.81
Rachel,Green,469,2334,102.72
Riley,Reed,470,8824,170.89
Ian,Allen,471,1738,415.76
Sam,Martinez,472,9789,234.96
Uma,Harris,473,5395,417.62
Quinn,Brooks,474,1429,275.88
Diana,Ross,475,2349,411.68
Tyler,Khan,476,9043,233.58
Hailey,King,477,3430,146.28
Bella,Allen,478,9705,149.01
Adam,Harris,479,5513,178.00
Mason,Turner,480,3780,155.16
Fiona,Patel,481,8548,162.80
Owen,Diaz,482,4019,345.19
Kevin,Miller,483,5313,301.15
Hannah,Turner,484,7972,190.09
Quincy,Scott,485,2960,366.55
Hannah,Ross,486,3575,127.13
Alice,Parker,487,4795,249.45
Mason,Wood,488,1218,404.00
Yara,Collins,489,5856,378.48
Adam,Diaz,490,5059,127.81
Umar,Diaz,491,3675,380.20
Tina,Taylor,492,8985,123.29
Ethan,Collins,493,3186,237.51
Charlie,Patel,494,5651,425.32
Charlie,Carter,495,5447,342.19
Michael,Adams,496,6095,269.90
Eli,Carter,497,7370,113.71
Charlie,Fisher,498,5509,256.14
Michael,Cook,499,6236,427.44
Ian,Taylor,500,5969,125.43
Charlie,Parker,501,9012,349.34
Caleb,Hunt,502,1941,349.90
Isaac,Adams,503,7670,301.40
Sophia,Lewis,504,1500,321.25
Fiona,Ross,505,3847,189.04
Charlie,Brooks,506,6656,348.83
Caleb,Fisher,507,3899,354.65
Hannah,Taylor,508,8605,258.02
Tyler,Stewart,509,6752,114.59
Mason,Turner,510,6476,159.51
Gavin,King,511,2072,105.42
Quinn,Green,512,5705,112.70
Ian,Collins,513,4154,247.43
Yara,Price,514,5045,321.47
Quincy,Jordan,515,1745,206.70
Yara,Lee,516,6365,224.18
Lily,Hunt,517,6587,389.66
Quinn,Brown,518,7312,409.76
Quincy,Reed,519,2436,193.37
Kyle,Ward,520,7077,151.20
Hailey,Lee,521,7561,392.65
Isaac,Thomas,522,7243,386.63
Gavin,Gomez,523,7493,161.59
Umar,Diaz,524,5208,351.68
Tyler,Barnes,525,5879,198.00
Zane,Johnson,526,2531,314.80
Ethan,King,527,4650,154.43
Jade,Adams,528,1473,257.63
William,Lee,529,3748,206.21
Tyler,Gray,530,6075,398.46
Vera,Fisher,531,7736,202.77
Fiona,Thomas,532,8886,282.19
Jade,Stone,533,2092,334.56
Ximena,Patel,534,3466,368.80
Bella,Gomez,535,3316,366.30
Ximena,Martinez,536,3772,222.15
Paula,Price,537,9500,385.79
Vera,White,538,1157,180.40
Fiona,Hunt,539,9010,119.11
Owen,Carter,540,4176,282.03
Nora,Patel,541,9402,416.71
Tyler,Clark,542,1247,379.83
Bob,Stewart,543,5367,356.73
Bob,Thomas,544,8647,131.89
Ethan,Rogers,545,1081,123.80
Owen,Parker,546,2128,180.53
Zane,Brooks,547,8954,160.30
Laura,Lee,548,5878,259.12
Xavier,Miller,549,6088,194.91
Lily,Turner,550,6026,125.25
Hannah,White,551,1686,114.29
Rachel,Prince,552,6026,370.92
Zane,Prince,553,6322,384.15
Eli,Thomas,554,4884,160.86
Umar,Davis,555,1384,381.44
Laura,Clark,556,2815,418.35
Hailey,Turner,557,2606,208.14
Mason,Khan,558,5211,334.74
Quinn,Fisher,559,1255,416.01
Isaac,Wilson,560,4860,309.57
Umar,Stewart,561,1000,297.80
Paula,Smith,562,8882,180.34
Quinn,Hunt,563,6525,315.43
Laura,Miller,564,6068,278.51
Gavin,Miller,565,9517,145.44
Zane,Martinez,566,2001,396.55
Isaac,Smith,567,6002,205.97
Owen,Smith,568,6125,270.47
Nora,Gomez,569,8530,111.87
Xavier,Davis,570,6298,267.21
Faith,Harris,571,5473,283.63
Wendy,Stone,572,6508,310.72
Oscar,Wood,573,3325,156.63
Fiona,Cook,574,9620,323.55
Nina,Wright,575,5728,199.77
Quinn,Johnson,576,5358,217.86
Vera,Stone,577,9969,206.61
Kevin,Adams,578,7635,419.00
Diana,Stewart,579,5731,412.82
Julia,Wright,580,5032,300.03
Mason,White,581,2405,197.01
Ximena,Thomas,582,6317,425.58
Diana,Patel,583,1873,263.10
Ethan,Reed,584,3047,412.94
Gavin,Brooks,585,3781,112.33
Alice,Russell,586,3886,274.82
Sophia,Green,587,8444,307.58
Wendy,Harris,588,6792,328.43
Bob,Cook,589,3310,354.97
Rachel,Reed,590,4828,326.40
Wendy,Ross,591,1052,394.75
Paula,Brooks,592,9007,103.16
Nora,Ward,593,5837,147.83
Ximena,Taylor,594,5067,426.11
Nora,Miller,595,1932,360.94
Eli,Allen,596,5731,119.53
Xavier,Lopez,597,2695,196.68
Eli,Turner,598,3448,274.42
Fiona,Barnes,599,3521,398.97
